Country	Country ISO3	Country Code	Long Name	Income Group	Lending Category	Region	Currency Unit	Other Groups	WTO Member	latitude	longitude
Afghanistan	AFG	4	Islamic State of Afghanistan	Low income	IDA	South Asia	Afghan afghani	HIPC	No	33.93911	67.709953
Albania	ALB	8	Republic of Albania	Upper middle income	IBRD	Europe & Central Asia	Albanian lek		Yes	41.153332	20.168331
Algeria	DZA	12	People's Democratic Republic of Algeria	Upper middle income	IBRD	Middle East & North Africa	Algerian dinar		No	28.033886	1.659626
American Samoa	ASM	16	American Samoa	Upper middle income		East Asia & Pacific	U.S. dollar		No	-14.270972	-170.132217
Andorra	AND	20		Others					No	42.546245	1.601554
Angola	AGO	24	People's Republic of Angola	Upper middle income	IBRD	Sub-Saharan Africa	Angolan kwanza		Yes	-11.202692	17.873887
Anguila	AIA	660		Others					No		
Antarctica	ATA	10		Others					No	-75.250973	-0.071389
Antigua and Barbuda	ATG	28	Antigua and Barbuda	High income: nonOECD	IBRD	Latin America & Caribbean	East Caribbean dollar		Yes	17.060816	-61.796428
Argentina	ARG	32	Argentine Republic	High income: nonOECD	IBRD	Latin America & Caribbean	Argentine peso		Yes	-38.416097	-63.616672
Armenia	ARM	51	Republic of Armenia	Lower middle income	IBRD	Europe & Central Asia	Armenian dram		Yes	40.069099	45.038189
Aruba	ABW	533	Aruba	High income: nonOECD		Latin America & Caribbean	Aruban florin		No	12.52111	-69.968338
Australia	AUS	36	Commonwealth of Australia	High income: OECD		East Asia & Pacific	Australian dollar		Yes	-25.274398	133.775136
Austria	AUT	40	Republic of Austria	High income: OECD		Europe & Central Asia	Euro	Euro area	Yes	47.516231	14.550072
Azerbaijan	AZE	31	Republic of Azerbaijan	Upper middle income	IBRD	Europe & Central Asia	New Azeri manat		No	40.143105	47.576927
Bahamas, The	BHS	44	Commonwealth of The Bahamas	High income: nonOECD		Latin America & Caribbean	Bahamian dollar		No		
Bahrain	BHR	48	Kingdom of Bahrain	High income: nonOECD		Middle East & North Africa	Bahraini dinar		Yes	25.930414	50.637772
Bangladesh	BGD	50	People's Republic of Bangladesh	Lower middle income	IDA	South Asia	Bangladeshi taka		Yes	23.684994	90.356331
Barbados	BRB	52	Barbados	High income: nonOECD		Latin America & Caribbean	Barbados dollar		Yes	13.193887	-59.543198
Belarus	BLR	112	Republic of Belarus	Upper middle income	IBRD	Europe & Central Asia	Belarusian rubel		No	53.709807	27.953389
Belgium	BEL	56	Kingdom of Belgium	High income: OECD		Europe & Central Asia	Euro	Euro area	Yes	50.503887	4.469936
Belgium-Luxembourg	BLX	58		Others					No		
Belize	BLZ	84	Belize	Upper middle income	IBRD	Latin America & Caribbean	Belize dollar		Yes	17.189877	-88.49765
Benin	BEN	204	Republic of Benin	Low income	IDA	Sub-Saharan Africa	CFA franc	HIPC	Yes	9.30769	2.315834
Bermuda	BMU	60	The Bermudas	High income: nonOECD		North America	Bermuda dollar		No	32.321384	-64.75737
Bhutan	BTN	64	Kingdom of Bhutan	Lower middle income	IDA	South Asia	Bhutanese ngultrum		No	27.514162	90.433601
Bolivia	BOL	68	Plurinational State of Bolivia	Lower middle income	Blend	Latin America & Caribbean	Bolivian Boliviano	HIPC	Yes	-16.290154	-63.588653
Bonaire	BES	535		Others					No		
Bosnia and Herzegovina	BIH	70	Bosnia and Herzegovina	Upper middle income	IBRD	Europe & Central Asia	Bosnia and Herzegovina convertible mark		No	43.915886	17.679076
Botswana	BWA	72	Republic of Botswana	Upper middle income	IBRD	Sub-Saharan Africa	Botswana pula		Yes	-22.328474	24.684866
Bouvet Island	BVT	74		Others					No	-54.423199	3.413194
Br. Antr. Terr	BAT	80		Others					No		
Brazil	BRA	76	Federative Republic of Brazil	Upper middle income	IBRD	Latin America & Caribbean	Brazilian real		Yes	-14.235004	-51.92528
British Indian Ocean Ter.	IOT	86		Others					No		
British Virgin Islands	VGB	92		Others					No	18.420695	-64.639968
Brunei	BRN	96	Brunei Darussalam	High income: nonOECD		East Asia & Pacific	Brunei dollar		Yes	4.535277	114.727669
Bulgaria	BGR	100	Republic of Bulgaria	Upper middle income	IBRD	Europe & Central Asia	Bulgarian lev		Yes	42.733883	25.48583
Bunkers	BUN	837		Others					No		
Burkina Faso	BFA	854	Burkina Faso	Low income	IDA	Sub-Saharan Africa	CFA franc	HIPC	Yes	12.238333	-1.561593
Burundi	BDI	108	Republic of Burundi	Low income	IDA	Sub-Saharan Africa	Burundi franc	HIPC	Yes	-3.373056	29.918886
Cambodia	KHM	116	Kingdom of Cambodia	Low income	IDA	East Asia & Pacific	Cambodian riel		Yes	12.565679	104.990963
Cameroon	CMR	120	Republic of Cameroon	Lower middle income	Blend	Sub-Saharan Africa	CFA franc	HIPC	Yes	7.369722	12.354722
Canada	CAN	124	Canada	High income: OECD		North America	Canadian dollar		Yes	56.130366	-106.346771
Cape Verde	CPV	132	Republic of Cabo Verde	Lower middle income	Blend	Sub-Saharan Africa	Cabo Verde escudo		Yes	16.002082	-24.013197
Cayman Islands	CYM	136	Cayman Islands	High income: nonOECD		Latin America & Caribbean	Cayman Islands dollar		No	19.513469	-80.566956
Central African Republic	CAF	140	Central African Republic	Low income	IDA	Sub-Saharan Africa	CFA franc	HIPC	Yes	6.611111	20.939444
Chad	TCD	148	Republic of Chad	Low income	IDA	Sub-Saharan Africa	CFA franc	HIPC	Yes	15.454166	18.732207
Chile	CHL	152	Republic of Chile	High income: OECD	IBRD	Latin America & Caribbean	Chilean peso		Yes	-35.675147	-71.542969
China	CHN	156	People's Republic of China	Upper middle income	IBRD	East Asia & Pacific	Chinese yuan		Yes	35.86166	104.195397
Christmas Island	CXR	162		Others					No	-10.447525	105.690449
Cocos [Keeling] Islands	CCK	166		Others					No	-12.164165	96.870956
Colombia	COL	170	Republic of Colombia	Upper middle income	IBRD	Latin America & Caribbean	Colombian peso		Yes	4.570868	-74.297333
Comoros	COM	174	Union of the Comoros	Low income	IDA	Sub-Saharan Africa	Comorian franc	HIPC	No	-11.875001	43.872219
Congo [DRC]	ZAR	180	Democratic Republic of the Congo	Low income	IDA	Sub-Saharan Africa	Congolese franc	HIPC	Yes	-4.038333	21.758664
Congo [Republic]	COG	178	Republic of Congo	Lower middle income	Blend	Sub-Saharan Africa	CFA franc	HIPC	Yes	-0.228021	15.827659
Cook Islands	COK	184		Others					No	-21.236736	-159.777671
Costa Rica	CRI	188	Republic of Costa Rica	Upper middle income	IBRD	Latin America & Caribbean	Costa Rican colon		Yes	9.748917	-83.753428
Croatia	HRV	191	Republic of Croatia	High income: nonOECD	IBRD	Europe & Central Asia	Croatian kuna		Yes	45.1	15.2
Cuba	CUB	192	Republic of Cuba	Upper middle income		Latin America & Caribbean	Cuban peso		Yes	21.521757	-77.781167
Curaçao	CUW	531	Curaçao	High income: nonOECD		Latin America & Caribbean	Netherlands Antillean guilder		No		
Cyprus	CYP	196	Republic of Cyprus	High income: nonOECD		Europe & Central Asia	Euro	Euro area	Yes	35.126413	33.429859
Czech Republic	CZE	203	Czech Republic	High income: OECD		Europe & Central Asia	Czech koruna		Yes	49.817492	15.472962
Czechoslovakia	CSK	200		Others					No		
Côte d'Ivoire	CIV	384	Republic of Côte d'Ivoire	Lower middle income	IDA	Sub-Saharan Africa	CFA franc	HIPC	Yes	7.539989	-5.54708
Denmark	DNK	208	Kingdom of Denmark	High income: OECD		Europe & Central Asia	Danish krone		Yes	56.26392	9.501785
Djibouti	DJI	262	Republic of Djibouti	Lower middle income	IDA	Middle East & North Africa	Djibouti franc		Yes	11.825138	42.590275
Dominica	DMA	212	Commonwealth of Dominica	Upper middle income	Blend	Latin America & Caribbean	East Caribbean dollar		Yes	15.414999	-61.370976
Dominican Republic	DOM	214	Dominican Republic	Upper middle income	IBRD	Latin America & Caribbean	Dominican peso		Yes	18.735693	-70.162651
East Asia & Pacific	EAS	EAS	East Asia & Pacific (all income levels)	Others							
East Asia & Pacific	EAS	EAS	East Asia & Pacific (all income levels)	Others							
East Timor	TMP	626	Democratic Republic of Timor-Leste	Lower middle income	Blend	East Asia & Pacific	U.S. dollar		No		
Ecuador	ECU	218	Republic of Ecuador	Upper middle income	IBRD	Latin America & Caribbean	U.S. dollar		Yes	-1.831239	-78.183406
Egypt	EGY	818	Arab Republic of Egypt	Lower middle income	IBRD	Middle East & North Africa	Egyptian pound		Yes	26.820553	30.802498
El Salvador	SLV	222	Republic of El Salvador	Lower middle income	IBRD	Latin America & Caribbean	U.S. dollar		Yes	13.794185	-88.89653
Equatorial Guinea	GNQ	226	Republic of Equatorial Guinea	High income: nonOECD	IBRD	Sub-Saharan Africa	CFA franc		No	1.650801	10.267895
Eritrea	ERI	232	State of Eritrea	Low income	IDA	Sub-Saharan Africa	Eritrean nakfa	HIPC	No	15.179384	39.782334
Estonia	EST	233	Republic of Estonia	High income: OECD		Europe & Central Asia	Euro	Euro area	Yes	58.595272	25.013607
Ethiopia	ETH	231	Federal Democratic Republic of Ethiopia	Low income	IDA	Sub-Saharan Africa	Ethiopian birr	HIPC	No	9.145	40.489673
Ethiopia(includes Eritrea)	ETF	230		Others					No		
Europe & Central Asia	ECS	ECS	Europe & Central Asia (all income levels)	Others							
Falkland Island	FLK	238		Others					No		
Faroe Islands	FRO	234	Faeroe Islands	High income: nonOECD		Europe & Central Asia	Danish krone		No	61.892635	-6.911806
Fiji	FJI	242	Republic of Fiji	Upper middle income	IBRD	East Asia & Pacific	Fijian dollar		Yes	-16.578193	179.414413
Finland	FIN	246	Republic of Finland	High income: OECD		Europe & Central Asia	Euro	Euro area	Yes	61.92411	25.748151
Fr. So. Ant. Tr	ATF	260		Others					No		
France	FRA	250	French Republic	High income: OECD		Europe & Central Asia	Euro	Euro area	Yes	46.227638	2.213749
Free Zones	FRE	838		Others					No		
French Guiana	GUF	254		Others					No	3.933889	-53.125782
French Polynesia	PYF	258	French Polynesia	High income: nonOECD		East Asia & Pacific	CFP franc		No	-17.679742	-149.406843
Gabon	GAB	266	Gabonese Republic	Upper middle income	IBRD	Sub-Saharan Africa	CFA franc		Yes	-0.803689	11.609444
Gambia	GMB	270	Republic of The Gambia	Low income	IDA	Sub-Saharan Africa	Gambian dalasi	HIPC	Yes	13.443182	-15.310139
Georgia	GEO	268	Georgia	Lower middle income	IBRD	Europe & Central Asia	Georgian lari		Yes	42.315407	43.356892
German Democratic Republic	DDR	278		Others					No		
Germany	DEU	276	Federal Republic of Germany	High income: OECD		Europe & Central Asia	Euro	Euro area	Yes	51.165691	10.451526
Ghana	GHA	288	Republic of Ghana	Lower middle income	IDA	Sub-Saharan Africa	New Ghanaian cedi	HIPC	Yes	7.946527	-1.023194
Gibraltar	GIB	292		Others					No	36.137741	-5.345374
Greece	GRC	300	Hellenic Republic	High income: OECD		Europe & Central Asia	Euro	Euro area	Yes	39.074208	21.824312
Greenland	GRL	304	Greenland	High income: nonOECD		Europe & Central Asia	Danish krone		No	71.706936	-42.604303
Grenada	GRD	308	Grenada	Upper middle income	Blend	Latin America & Caribbean	East Caribbean dollar		Yes	12.262776	-61.604171
Guadeloupe	GLP	312		Others					No	16.995971	-62.067641
Guam	GUM	316	Guam	High income: nonOECD		East Asia & Pacific	U.S. dollar		No	13.444304	144.793731
Guatemala	GTM	320	Republic of Guatemala	Lower middle income	IBRD	Latin America & Caribbean	Guatemalan quetzal		Yes	15.783471	-90.230759
Guinea	GIN	324	Republic of Guinea	Low income	IDA	Sub-Saharan Africa	Guinean franc	HIPC	Yes	9.945587	-9.696645
Guinea-Bissau	GNB	624	Republic of Guinea-Bissau	Low income	IDA	Sub-Saharan Africa	CFA franc	HIPC	Yes	11.803749	-15.180413
Guyana	GUY	328	Co-operative Republic of Guyana	Lower middle income	IDA	Latin America & Caribbean	Guyana dollar	HIPC	Yes	4.860416	-58.93018
Haiti	HTI	332	Republic of Haiti	Low income	IDA	Latin America & Caribbean	Haitian gourde	HIPC	Yes	18.971187	-72.285215
Heard Island and McDonald Islands	HMD	334		Others					No	-53.08181	73.504158
Holy See	VAT	336		Others					No		
Honduras	HND	340	Republic of Honduras	Lower middle income	IDA	Latin America & Caribbean	Honduran lempira	HIPC	Yes	15.199999	-86.241905
Hong Kong	HKG	344	Hong Kong Special Administrative Region of the People's Republic of China	High income: nonOECD		East Asia & Pacific	Hong Kong dollar		Yes	22.396428	114.109497
Hungary	HUN	348	Hungary	High income: OECD		Europe & Central Asia	Hungarian forint		Yes	47.162494	19.503304
Iceland	ISL	352	Republic of Iceland	High income: OECD		Europe & Central Asia	Iceland krona		Yes	64.963051	-19.020835
India	IND	356	Republic of India	Lower middle income	IBRD	South Asia	Indian rupee		Yes	20.593684	78.96288
Indonesia	IDN	360	Republic of Indonesia	Lower middle income	IBRD	East Asia & Pacific	Indonesian rupiah		Yes	-0.789275	113.921327
Iran, Islamic Rep.	IRN	364	Islamic Republic of Iran	Upper middle income	IBRD	Middle East & North Africa	Iranian rial		No		
Iraq	IRQ	368	Republic of Iraq	Upper middle income	IBRD	Middle East & North Africa	Iraqi dinar		No	33.223191	43.679291
Ireland	IRL	372	Ireland	High income: OECD		Europe & Central Asia	Euro	Euro area	Yes	53.41291	-8.24389
Israel	ISR	376	State of Israel	High income: OECD		Middle East & North Africa	Israeli new shekel		Yes	31.046051	34.851612
Italy	ITA	380	Italian Republic	High income: OECD		Europe & Central Asia	Euro	Euro area	Yes	41.87194	12.56738
Jamaica	JAM	388	Jamaica	Upper middle income	IBRD	Latin America & Caribbean	Jamaican dollar		Yes	18.109581	-77.297508
Japan	JPN	392	Japan	High income: OECD		East Asia & Pacific	Japanese yen		Yes	36.204824	138.252924
Jordan	JOR	400	Hashemite Kingdom of Jordan	Upper middle income	IBRD	Middle East & North Africa	Jordanian dinar		Yes	30.585164	36.238414
Kazakhstan	KAZ	398	Republic of Kazakhstan	Upper middle income	IBRD	Europe & Central Asia	Kazakh tenge		No	48.019573	66.923684
Kenya	KEN	404	Republic of Kenya	Lower middle income	IDA	Sub-Saharan Africa	Kenyan shilling		Yes	-0.023559	37.906193
Kiribati	KIR	296	Republic of Kiribati	Lower middle income	IDA	East Asia & Pacific	Australian dollar		No	-3.370417	-168.734039
Kuwait	KWT	414	State of Kuwait	High income: nonOECD		Middle East & North Africa	Kuwaiti dinar		Yes	29.31166	47.481766
Kyrgyz Republic	KGZ	417	Kyrgyz Republic	Lower middle income	IDA	Europe & Central Asia	Kyrgyz som	HIPC	Yes		
Laos	LAO	418	Lao People's Democratic Republic	Lower middle income	IDA	East Asia & Pacific	Lao kip		No	19.85627	102.495496
Latin America & Caribbean	LCN	LCN	Latin America & Caribbean (all income levels)	Others							
Latin America & Caribbean	LCN	LCN	Latin America & Caribbean (all income levels)	Others							
Latvia	LVA	428	Republic of Latvia	High income: nonOECD		Europe & Central Asia	Euro	Euro area	Yes	56.879635	24.603189
Lebanon	LBN	422	Lebanese Republic	Upper middle income	IBRD	Middle East & North Africa	Lebanese pound		No	33.854721	35.862285
Lesotho	LSO	426	Kingdom of Lesotho	Lower middle income	IDA	Sub-Saharan Africa	Lesotho loti		Yes	-29.609988	28.233608
Liberia	LBR	430	Republic of Liberia	Low income	IDA	Sub-Saharan Africa	Liberian dollar	HIPC	No	6.428055	-9.429499
Libya	LBY	434	Socialist People's Libyan Arab Jamahiriya	Upper middle income	IBRD	Middle East & North Africa	Libyan dinar		No	26.3351	17.228331
Lithuania	LTU	440	Republic of Lithuania	High income: nonOECD		Europe & Central Asia	Euro	Euro area	Yes	55.169438	23.881275
Luxembourg	LUX	442	Grand Duchy of Luxembourg	High income: OECD		Europe & Central Asia	Euro	Euro area	Yes	49.815273	6.129583
Macao	MAC	446	Macao Special Administrative Region of the People's Republic of China	High income: nonOECD		East Asia & Pacific	Macao pataca		Yes		
Macedonia [FYROM]	MKD	807	Former Yugoslav Republic of Macedonia	Upper middle income	IBRD	Europe & Central Asia	Macedonian denar		Yes	41.608635	21.745275
Madagascar	MDG	450	Republic of Madagascar	Low income	IDA	Sub-Saharan Africa	Malagasy ariary	HIPC	Yes	-18.766947	46.869107
Malawi	MWI	454	Republic of Malawi	Low income	IDA	Sub-Saharan Africa	Malawi kwacha	HIPC	Yes	-13.254308	34.301525
Malaysia	MYS	458	Malaysia	Upper middle income	IBRD	East Asia & Pacific	Malaysian ringgit		Yes	4.210484	101.975766
Maldives	MDV	462	Republic of Maldives	Upper middle income	IDA	South Asia	Maldivian rufiyaa		Yes	3.202778	73.22068
Mali	MLI	466	Republic of Mali	Low income	IDA	Sub-Saharan Africa	CFA franc	HIPC	Yes	17.570692	-3.996166
Malta	MLT	470	Republic of Malta	High income: nonOECD		Middle East & North Africa	Euro	Euro area	Yes	35.937496	14.375416
Marshall Islands	MHL	584	Republic of the Marshall Islands	Upper middle income	IDA	East Asia & Pacific	U.S. dollar		No	7.131474	171.184478
Martinique	MTQ	474		Others					No	14.641528	-61.024174
Mauritania	MRT	478	Islamic Republic of Mauritania	Lower middle income	IDA	Sub-Saharan Africa	Mauritanian ouguiya	HIPC	Yes	21.00789	-10.940835
Mauritius	MUS	480	Republic of Mauritius	Upper middle income	IBRD	Sub-Saharan Africa	Mauritian rupee		Yes	-20.348404	57.552152
Mayotte	MYT	175		Others					No	-12.8275	45.166244
Mexico	MEX	484	United Mexican States	Upper middle income	IBRD	Latin America & Caribbean	Mexican peso		Yes	23.634501	-102.552784
Micronesia	FSM	583	Federated States of Micronesia	Lower middle income	IDA	East Asia & Pacific	U.S. dollar		No	7.425554	150.550812
Middle East & North Africa	MEA	MEA	Middle East & North Africa (all income levels)	Others							
Middle East & North Africa	MEA	MEA	Middle East & North Africa (all income levels)	Others							
Moldova	MDA	498	Republic of Moldova	Lower middle income	Blend	Europe & Central Asia	Moldovan leu		Yes	47.411631	28.369885
Monaco	MCO	492	Principality of Monaco	High income: nonOECD		Europe & Central Asia	Euro		No	43.750298	7.412841
Mongolia	MNG	496	Mongolia	Upper middle income	Blend	East Asia & Pacific	Mongolian tugrik		Yes	46.862496	103.846656
Montenegro	MNT	499		Others					No	42.708678	19.37439
Montserrat	MSR	500		Others					No	16.742498	-62.187366
Morocco	MAR	504	Kingdom of Morocco	Lower middle income	IBRD	Middle East & North Africa	Moroccan dirham		Yes	31.791702	-7.09262
Mozambique	MOZ	508	Republic of Mozambique	Low income	IDA	Sub-Saharan Africa	New Mozambican metical	HIPC	Yes	-18.665695	35.529562
Myanmar	MMR	104	Republic of the Union of Myanmar	Lower middle income	IDA	East Asia & Pacific	Myanmar kyat		Yes	21.913965	95.956223
Namibia	NAM	516	Republic of Namibia	Upper middle income	IBRD	Sub-Saharan Africa	Namibian dollar		Yes	-22.95764	18.49041
Nauru	NRU	520		Others					No	-0.522778	166.931503
Nepal	NPL	524	Nepal	Low income	IDA	South Asia	Nepalese rupee		Yes	28.394857	84.124008
Netherlands	NLD	528	Kingdom of the Netherlands	High income: OECD		Europe & Central Asia	Euro	Euro area	Yes	52.132633	5.291266
Netherlands Antilles	ANT	530		Others					Yes	12.226079	-69.060087
Neutral Zone	NZE	536		Others					No		
New Caledonia	NCL	540	New Caledonia	High income: nonOECD		East Asia & Pacific	CFP franc		No	-20.904305	165.618042
New Zealand	NZL	554	New Zealand	High income: OECD		East Asia & Pacific	New Zealand dollar		Yes	-40.900557	174.885971
Nicaragua	NIC	558	Republic of Nicaragua	Lower middle income	IDA	Latin America & Caribbean	Nicaraguan gold cordoba	HIPC	Yes	12.865416	-85.207229
Niger	NER	562	Republic of Niger	Low income	IDA	Sub-Saharan Africa	CFA franc	HIPC	Yes	17.607789	8.081666
Nigeria	NGA	566	Federal Republic of Nigeria	Lower middle income	Blend	Sub-Saharan Africa	Nigerian naira		Yes	9.081999	8.675277
Niue	NIU	570		Others					No	-19.054445	-169.867233
Norfolk Island	NFK	574		Others					No	-29.040835	167.954712
North America	NAC	NAC	North America	Others							
North Korea	PRK	408	Democratic People's Republic of Korea	Low income		East Asia & Pacific	Democratic People's Republic of Korean won		No	40.339852	127.510093
Northern Mariana Islands	MNP	580	Commonwealth of the Northern Mariana Islands	High income: nonOECD		East Asia & Pacific	U.S. dollar		No	17.33083	145.38469
Norway	NOR	578	Kingdom of Norway	High income: OECD		Europe & Central Asia	Norwegian krone		Yes	60.472024	8.468946
Occ.Pal.Terr	PSE	275		Others					No		
Oman	OMN	512	Sultanate of Oman	High income: nonOECD		Middle East & North Africa	Rial Omani		Yes	21.512583	55.923255
Other Asia, nes	OAS	490		Others					No		
Pacific Islands	PCE	582		Others					No		
Pakistan	PAK	586	Islamic Republic of Pakistan	Lower middle income	Blend	South Asia	Pakistani rupee		Yes	30.375321	69.345116
Palau	PLW	585	Republic of Palau	Upper middle income	IBRD	East Asia & Pacific	U.S. dollar		No	7.51498	134.58252
Panama	PAN	591	Republic of Panama	Upper middle income	IBRD	Latin America & Caribbean	Panamanian balboa		Yes	8.537981	-80.782127
Papua New Guinea	PNG	598	The Independent State of Papua New Guinea	Lower middle income	Blend	East Asia & Pacific	Papua New Guinea kina		Yes	-6.314993	143.95555
Paraguay	PRY	600	Republic of Paraguay	Upper middle income	IBRD	Latin America & Caribbean	Paraguayan guarani		Yes	-23.442503	-58.443832
Peru	PER	604	Republic of Peru	Upper middle income	IBRD	Latin America & Caribbean	Peruvian new sol		Yes	-9.189967	-75.015152
Philippines	PHL	608	Republic of the Philippines	Lower middle income	IBRD	East Asia & Pacific	Philippine peso		Yes	12.879721	121.774017
Pitcairn	PCN	612		Others					No		
Poland	POL	616	Republic of Poland	High income: OECD	IBRD	Europe & Central Asia	Polish zloty		Yes	51.919438	19.145136
Portugal	PRT	620	Portuguese Republic	High income: OECD		Europe & Central Asia	Euro	Euro area	Yes	39.399872	-8.224454
Qatar	QAT	634	State of Qatar	High income: nonOECD		Middle East & North Africa	Qatari riyal		Yes	25.354826	51.183884
Reunion	REU	638		Others					No		
Romania	ROM	642	Romania	Upper middle income	IBRD	Europe & Central Asia	New Romanian leu	Euro area	Yes	45.943161	24.96676
Russia	RUS	643	Russian Federation	High income: nonOECD	IBRD	Europe & Central Asia	Russian ruble		No	61.52401	105.318756
Rwanda	RWA	646	Republic of Rwanda	Low income	IDA	Sub-Saharan Africa	Rwandan franc	HIPC	Yes	-1.940278	29.873888
Saint Helena	SHN	654		Others					No	-24.143474	-10.030696
Saint Kitts and Nevis	KNA	659	St. Kitts and Nevis	High income: nonOECD	IBRD	Latin America & Caribbean	East Caribbean dollar		Yes	17.357822	-62.782998
Saint Lucia	LCA	662	St. Lucia	Upper middle income	Blend	Latin America & Caribbean	East Caribbean dollar		Yes	13.909444	-60.978893
Saint Pierre and Miquelon	SPM	666		Others					No	46.941936	-56.27111
Saint Vincent and the Grenadines	VCT	670	St. Vincent and the Grenadines	Upper middle income	Blend	Latin America & Caribbean	East Caribbean dollar		Yes	12.984305	-61.287228
Samoa	WSM	882	Samoa	Lower middle income	IDA	East Asia & Pacific	Samoan tala		No	-13.759029	-172.104629
San Marino	SMR	674	Republic of San Marino	High income: nonOECD		Europe & Central Asia	Euro		No	43.94236	12.457777
Saudi Arabia	SAU	682	Kingdom of Saudi Arabia	High income: nonOECD		Middle East & North Africa	Saudi Arabian riyal		Yes	23.885942	45.079162
Senegal	SEN	686	Republic of Senegal	Lower middle income	IDA	Sub-Saharan Africa	CFA franc	HIPC	Yes	14.497401	-14.452362
Serbia	SER	891		Others					No	44.016521	21.005859
Seychelles	SYC	690	Republic of Seychelles	High income: nonOECD	IBRD	Sub-Saharan Africa	Seychelles rupee		No	-4.679574	55.491977
Sierra Leone	SLE	694	Republic of Sierra Leone	Low income	IDA	Sub-Saharan Africa	Sierra Leonean leone	HIPC	Yes	8.460555	-11.779889
Singapore	SGP	702	Republic of Singapore	High income: nonOECD		East Asia & Pacific	Singapore dollar		Yes	1.352083	103.819836
Sint Maarten	SXM	534	Sint Maarten (Dutch part)	High income: nonOECD		Latin America & Caribbean	Netherlands Antillean guilder		No		
Slovakia	SVK	703	Slovak Republic	High income: OECD		Europe & Central Asia	Euro	Euro area	Yes	48.669026	19.699024
Slovenia	SVN	705	Republic of Slovenia	High income: OECD		Europe & Central Asia	Euro	Euro area	Yes	46.151241	14.995463
Solomon Islands	SLB	90	Solomon Islands	Lower middle income	IDA	East Asia & Pacific	Solomon Islands dollar		Yes	-9.64571	160.156194
Somalia	SOM	706	Somali Democratic Republic	Low income	IDA	Sub-Saharan Africa	Somali shilling	HIPC	No	5.152149	46.199616
South Africa	ZAF	710	Republic of South Africa	Upper middle income	IBRD	Sub-Saharan Africa	South African rand		Yes	-30.559482	22.937506
South Asia	SAS	SAS	South Asia	Others							
South Asia	SAS	SAS	South Asia	Others							
South Georgia and the South Sa	SGS	239		Others					No		
South Korea	KOR	410	Republic of Korea	High income: OECD	IBRD	East Asia & Pacific	Korean won		Yes	35.907757	127.766922
South Sudan	SSD	728	Republic of South Sudan	Low income	IDA	Sub-Saharan Africa	South Sudanese Pound		No		
Soviet Union	SVU	810		Others					No		
Spain	ESP	724	Kingdom of Spain	High income: OECD		Europe & Central Asia	Euro	Euro area	Yes	40.463667	-3.74922
Special Categories	SPE	839		Others					No		
Sri Lanka	LKA	144	Democratic Socialist Republic of Sri Lanka	Lower middle income	Blend	South Asia	Sri Lankan rupee		Yes	7.873054	80.771797
Sub-Saharan Africa	SSF	SSF	Sub-Saharan Africa (all income levels)	Others							
Sub-Saharan Africa	SSF	SSF	Sub-Saharan Africa (all income levels)	Others							
Sudan	SDN	736	Republic of the Sudan	Lower middle income	IDA	Sub-Saharan Africa	Sudanese pound	HIPC	No	12.862807	30.217636
Sudan	SUD	729		Others					No	12.862807	30.217636
Suriname	SUR	740	Republic of Suriname	Upper middle income	IBRD	Latin America & Caribbean	Suriname dollar		Yes	3.919305	-56.027783
Swaziland	SWZ	748	Kingdom of Swaziland	Lower middle income	IBRD	Sub-Saharan Africa	Swaziland lilangeni		Yes	-26.522503	31.465866
Sweden	SWE	752	Kingdom of Sweden	High income: OECD		Europe & Central Asia	Swedish krona		Yes	60.128161	18.643501
Switzerland	CHE	756	Switzerland	High income: OECD		Europe & Central Asia	Swiss franc		Yes	46.818188	8.227512
Syria	SYR	760	Syrian Arab Republic	Lower middle income	IBRD	Middle East & North Africa	Syrian pound		No	34.802075	38.996815
São Tomé and Príncipe	STP	678	Democratic Republic of São Tomé and Principe	Lower middle income	IDA	Sub-Saharan Africa	São Tomé and Principe dobra	HIPC	No	0.18636	6.613081
Tajikistan	TJK	762	Republic of Tajikistan	Lower middle income	IDA	Europe & Central Asia	Tajik somoni		No	38.861034	71.276093
Tanzania	TZA	834	United Republic of Tanzania	Low income	IDA	Sub-Saharan Africa	Tanzanian shilling	HIPC	Yes	-6.369028	34.888822
Thailand	THA	764	Kingdom of Thailand	Upper middle income	IBRD	East Asia & Pacific	Thai baht		Yes	15.870032	100.992541
Togo	TGO	768	Republic of Togo	Low income	IDA	Sub-Saharan Africa	CFA franc	HIPC	Yes	8.619543	0.824782
Tokelau	TKL	772		Others					No	-8.967363	-171.855881
Tonga	TON	776	Kingdom of Tonga	Upper middle income	IDA	East Asia & Pacific	Tongan pa'anga		Yes	-21.178986	-175.198242
Trinidad and Tobago	TTO	780	Republic of Trinidad and Tobago	High income: nonOECD	IBRD	Latin America & Caribbean	Trinidad and Tobago dollar		Yes	10.691803	-61.222503
Tunisia	TUN	788	Republic of Tunisia	Upper middle income	IBRD	Middle East & North Africa	Tunisian dinar		Yes	33.886917	9.537499
Turkey	TUR	792	Republic of Turkey	Upper middle income	IBRD	Europe & Central Asia	New Turkish lira		Yes	38.963745	35.243322
Turkmenistan	TKM	795	Turkmenistan	Upper middle income	IBRD	Europe & Central Asia	New Turkmen manat		No	38.969719	59.556278
Turks and Caicos Islands	TCA	796	Turks and Caicos Islands	High income: nonOECD		Latin America & Caribbean	U.S. dollar		No		
Tuvalu	TUV	798	Tuvalu	Upper middle income	IDA	East Asia & Pacific	Australian dollar		No	-7.109535	177.64933
Uganda	UGA	800	Republic of Uganda	Low income	IDA	Sub-Saharan Africa	Ugandan shilling	HIPC	Yes	1.373333	32.290275
Ukraine	UKR	804	Ukraine	Lower middle income	IBRD	Europe & Central Asia	Ukrainian hryvnia		Yes	48.379433	31.16558
United Arab Emirates	ARE	784	United Arab Emirates	High income: nonOECD		Middle East & North Africa	U.A.E. dirham		Yes	23.424076	53.847818
United Kingdom	GBR	826	United Kingdom of Great Britain and Northern Ireland	High income: OECD		Europe & Central Asia	Pound sterling		Yes	55.378051	-3.435973
United States	USA	840	United States of America	High income: OECD		North America	U.S. dollar		Yes	37.09024	-95.712891
United States Minor Outlying I	UMI	581		Others					No		
Unspecified	UNS	898		Others					No		
Uruguay	URY	858	Oriental Republic of Uruguay	High income: nonOECD	IBRD	Latin America & Caribbean	Uruguayan peso		Yes	-32.522779	-55.765835
Us Msc.Pac.I	USP	849		Others					No		
Uzbekistan	UZB	860	Republic of Uzbekistan	Lower middle income	Blend	Europe & Central Asia	Uzbek sum		No	41.377491	64.585262
Vanuatu	VUT	548	Republic of Vanuatu	Lower middle income	IDA	East Asia & Pacific	Vanuatu vatu		No	-15.376706	166.959158
Venezuela	VEN	862	República Bolivariana de Venezuela	High income: nonOECD	IBRD	Latin America & Caribbean	Venezuelan bolivar fuerte		Yes	6.42375	-66.58973
Vietnam	VNM	704	Socialist Republic of Vietnam	Lower middle income	Blend	East Asia & Pacific	Vietnamese dong		Yes	14.058324	108.277199
Wallis and Futuna	WLF	876		Others					No	-13.768752	-177.156097
Western Sahara	ESH	732		Others					No	24.215527	-12.885834
World	WLD	0	World	Others					No		
Yemen	YEM	887	Republic of Yemen	Lower middle income	IDA	Middle East & North Africa	Yemeni rial		No	15.552727	48.516388
Yemen Democratic	YDR	720		Others					No		
Yugoslavia, FR (Serbia/Montene	YUG	890		Others					No		
Zambia	ZMB	894	Republic of Zambia	Lower middle income	IDA	Sub-Saharan Africa	New Zambian kwacha	HIPC	Yes	-13.133897	27.849332
Zimbabwe	ZWE	716	Republic of Zimbabwe	Low income	Blend	Sub-Saharan Africa	U.S. dollar		Yes	-19.015438	29.154857
